{
  "name": "Dummy Manifest",
  "assets": [
    "BTC-USD.CC",
    "ETH-USD.CC",
    "MATIC-USD.CC",
    "USDC-USD.CC",
    "USDT-USD.CC"
  ],
  "performance": {
    "weights": [0.00335, 0.00256, 0.00194, 0.31091, 0.68123],
    "expectedAnnualReturn": 0.01082853862650398,
    "annualVolatility": 0.05598397065245719,
    "sharpeRatio": -0.16382298837700388
  }
}
